UMN_Subj1_PegTx_12.07.2010-12.53.17_EDGE1.txt,PegTx,Proficient
UMN_Subj1_PegTx_12.07.2010-12.58.16_EDGE1.txt,PegTx,Proficient
UMN_Subj1_PegTx_12.07.2010-12.59.32_EDGE1.txt,PegTx,Proficient
UMN_Subj1_PegTx_12.17.2010-08.15.56_EDGE1.txt,PegTx,Proficient
UMN_Subj1_PegTx_12.17.2010-08.17.24_EDGE1.txt,PegTx,Proficient
UMN_Subj1_PegTx_12.17.2010-08.18.53_EDGE1.txt,PegTx,Proficient
UMN_Subj2_PegTx_12.08.2010-08.37.36_EDGE1.txt,PegTx,Novice
UMN_Subj2_PegTx_12.08.2010-08.39.39_EDGE1.txt,PegTx,Novice
UMN_Subj2_PegTx_12.08.2010-08.41.38_EDGE1.txt,PegTx,Novice
UMN_Subj4_PegTx_12.09.2010-07.07.11_EDGE1.txt,PegTx,Proficient
UMN_Subj4_PegTx_12.09.2010-07.09.32_EDGE1.txt,PegTx,Proficient
UMN_Subj4_PegTx_12.09.2010-07.11.39_EDGE1.txt,PegTx,Proficient
UMN_Subj6_PegTx_12.09.2010-08.25.15_EDGE1.txt,PegTx,Expert
UMN_Subj6_PegTx_12.09.2010-08.26.50_EDGE1.txt,PegTx,Expert
UMN_Subj6_PegTx_12.09.2010-08.28.57_EDGE1.txt,PegTx,Expert
UMN_Subj7_PegTx_12.09.2010-08.43.50_EDGE1.txt,PegTx,Proficient
UMN_Subj7_PegTx_12.09.2010-08.46.13_EDGE1.txt,PegTx,Proficient
UMN_Subj8_PegTx_12.10.2010-08.08.02_EDGE1.txt,PegTx,Intermediate
UMN_Subj8_PegTx_12.10.2010-08.11.24_EDGE1.txt,PegTx,Intermediate
UMN_Subj8_PegTx_12.10.2010-08.13.02_EDGE1.txt,PegTx,Intermediate
UMN_Subj8_PegTx_12.10.2010-08.14.50_EDGE1.txt,PegTx,Intermediate
UMN_Subj8_PegTx_12.10.2010-08.16.07_EDGE1.txt,PegTx,Intermediate
UMN_Subj8_PegTx_12.09.2010-08.53.17_EDGE1.txt,PegTx,Intermediate
UMN_Subj8_PegTx_12.09.2010-08.55.06_EDGE1.txt,PegTx,Intermediate
UMN_Subj8_PegTx_12.09.2010-08.57.39_EDGE1.txt,PegTx,Intermediate
UMN_Subj8_PegTx_12.09.2010-09.00.37_EDGE1.txt,PegTx,Intermediate
UMN_Subj9_PegTx_12.09.2010-10.25.15_EDGE1.txt,PegTx,Intermediate
UMN_Subj9_PegTx_12.09.2010-10.27.06_EDGE1.txt,PegTx,Intermediate
UMN_Subj9_PegTx_12.09.2010-10.29.44_EDGE1.txt,PegTx,Intermediate
UMN_Subj10_PegTx_12.09.2010-11.04.50_EDGE1.txt,PegTx,Intermediate
UMN_Subj11_PegTx_12.10.2010-05.05.45_EDGE1.txt,PegTx,Expert
UMN_Subj11_PegTx_12.10.2010-05.11.38_EDGE1.txt,PegTx,Expert
UMN_Subj11_PegTx_12.10.2010-05.14.17_EDGE1.txt,PegTx,Expert
UMN_Subj12_PegTx_12.10.2010-05.51.10_EDGE1.txt,PegTx,Novice
UMN_Subj12_PegTx_12.10.2010-05.53.59_EDGE1.txt,PegTx,Novice
UMN_Subj12_PegTx_12.10.2010-05.56.25_EDGE1.txt,PegTx,Novice
UMN_Subj13_PegTx_12.10.2010-06.02.48_EDGE1.txt,PegTx,Novice
UMN_Subj13_PegTx_12.10.2010-06.05.25_EDGE1.txt,PegTx,Novice
UMN_Subj13_PegTx_12.10.2010-06.07.45_EDGE1.txt,PegTx,Novice
UMN_Subj14_PegTx_12.10.2010-07.07.36_EDGE1.txt,PegTx,Expert-Master
UMN_Subj14_PegTx_12.10.2010-07.10.08_EDGE1.txt,PegTx,Expert-Master
UMN_Subj14_PegTx_12.10.2010-07.12.27_EDGE1.txt,PegTx,Expert-Master
UMN_Subj14_PegTx_12.10.2010-09.17.19_EDGE1.txt,PegTx,Expert-Master
UMN_Subj14_PegTx_12.10.2010-09.19.08_EDGE1.txt,PegTx,Expert-Master
UMN_Subj15_PegTx_12.10.2010-09.29.29_EDGE1.txt,PegTx,Intermediate
UMN_Subj15_PegTx_12.10.2010-09.31.44_EDGE1.txt,PegTx,Intermediate
UMN_Subj15_PegTx_12.10.2010-09.33.57_EDGE1.txt,PegTx,Intermediate
UMN_Subj16_PegTx_12.10.2010-10.05.33_EDGE1.txt,PegTx,Expert-Master
UMN_Subj16_PegTx_12.10.2010-10.07.16_EDGE1.txt,PegTx,Expert-Master
UMN_Subj16_PegTx_12.10.2010-10.09.00_EDGE1.txt,PegTx,Expert-Master
UMN_Subj17_PegTx_12.10.2010-10.27.04_EDGE1.txt,PegTx,Expert
UMN_Subj17_PegTx_12.10.2010-10.29.59_EDGE1.txt,PegTx,Expert
UMN_Subj17_PegTx_12.10.2010-10.32.36_EDGE1.txt,PegTx,Expert
UMN_Subj18_PegTx_12.10.2010-11.14.29_EDGE1.txt,PegTx,Novice
UMN_Subj19_PegTx_12.10.2010-12.06.23_EDGE1.txt,PegTx,Proficient
UMN_Subj20_PegTx_12.13.2010-07.33.12_EDGE1.txt,PegTx,Expert
UMN_Subj20_PegTx_12.13.2010-07.35.48_EDGE1.txt,PegTx,Expert
UMN_Subj21_PegTx_12.13.2010-07.52.26_EDGE1.txt,PegTx,Novice
UMN_Subj21_PegTx_12.13.2010-07.56.03_EDGE1.txt,PegTx,Novice
UMN_Subj21_PegTx_12.13.2010-07.59.53_EDGE1.txt,PegTx,Novice
UMN_Subj23_PegTx_12.13.2010-09.30.52_EDGE1.txt,PegTx,Novice
UMN_Subj23_PegTx_12.13.2010-09.34.13_EDGE1.txt,PegTx,Novice
UMN_Subj23_PegTx_12.13.2010-12.58.07_EDGE1.txt,PegTx,Novice
UMN_Subj24_PegTx_12.13.2010-09.35.56_EDGE1.txt,PegTx,Novice
UMN_Subj24_PegTx_12.13.2010-09.40.17_EDGE1.txt,PegTx,Novice
UMN_Subj24_PegTx_12.13.2010-09.50.08_EDGE1.txt,PegTx,Novice
UMN_Subj25_PegTx_12.13.2010-10.05.42_EDGE1.txt,PegTx,Novice
UMN_Subj25_PegTx_12.13.2010-10.09.14_EDGE1.txt,PegTx,Novice
UMN_Subj25_PegTx_12.13.2010-10.12.16_EDGE1.txt,PegTx,Novice
UMN_Subj26_PegTx_12.13.2010-10.48.13_EDGE1.txt,PegTx,Intermediate
UMN_Subj26_PegTx_12.13.2010-10.50.13_EDGE1.txt,PegTx,Intermediate
UMN_Subj26_PegTx_12.13.2010-10.51.48_EDGE1.txt,PegTx,Intermediate
UMN_Subj27_PegTx_12.13.2010-11.02.58_EDGE1.txt,PegTx,Novice
UMN_Subj27_PegTx_12.13.2010-11.06.37_EDGE1.txt,PegTx,Novice
UMN_Subj27_PegTx_12.13.2010-11.09.39_EDGE1.txt,PegTx,Novice
UMN_Subj28_PegTx_12.15.2010-06.35.04_EDGE1.txt,PegTx,Proficient
UMN_Subj28_PegTx_12.15.2010-06.37.00_EDGE1.txt,PegTx,Proficient
UMN_Subj30_PegTx_12.17.2010-05.19.49_EDGE1.txt,PegTx,Novice
UMN_Subj30_PegTx_12.17.2010-05.40.36_EDGE1.txt,PegTx,Novice
UMN_Subj30_PegTx_12.17.2010-05.44.44_EDGE1.txt,PegTx,Novice
UMN_Subj32_PegTx_12.17.2010-07.17.49_EDGE1.txt,PegTx,Novice
UMN_Subj32_PegTx_12.17.2010-07.24.12_EDGE1.txt,PegTx,Novice
UMN_Subj32_PegTx_12.17.2010-07.29.16_EDGE1.txt,PegTx,Novice
UMN_Subj33_PegTx_12.17.2010-11.23.16_EDGE1.txt,PegTx,Novice
UMN_Subj33_PegTx_12.17.2010-11.28.54_EDGE1.txt,PegTx,Novice
UMN_Subj33_PegTx_12.17.2010-11.33.04_EDGE1.txt,PegTx,Novice
UMN_Subj35_PegTx_12.20.2010-05.23.35_EDGE1.txt,PegTx,Expert
UMN_Subj35_PegTx_12.20.2010-05.25.55_EDGE1.txt,PegTx,Expert
UMN_Subj35_PegTx_12.20.2010-05.27.57_EDGE1.txt,PegTx,Expert
IMSH_Subj101_PegTx_01.24.2011-12.01.06_EDGE1.txt,PegTx,Proficient
IMSH_Subj101_PegTx_01.24.2011-12.04.24_EDGE1.txt,PegTx,Proficient
IMSH_Subj101_PegTx_01.24.2011-12.06.56_EDGE1.txt,PegTx,Proficient
IMSH_Subj102_PegTx_01.24.2011-13.42.14_EDGE1.txt,PegTx,Proficient
IMSH_Subj103_PegTx_01.25.2011-12.55.33_EDGE1.txt,PegTx,Novice
IMSH_Subj103_PegTx_01.25.2011-12.57.46_EDGE1.txt,PegTx,Novice
IMSH_Subj103_PegTx_01.25.2011-12.59.45_EDGE1.txt,PegTx,Novice
LSU_Subj201_PegTx_01.27.2011-10.31.18_EDGE1.txt,PegTx,Intermediate
LSU_Subj201_PegTx_01.27.2011-10.33.37_EDGE1.txt,PegTx,Intermediate
LSU_Subj201_PegTx_01.27.2011-10.37.04_EDGE1.txt,PegTx,Intermediate
LSU_Subj202_PegTx_01.27.2011-10.25.03_EDGE1.txt,PegTx,Novice
LSU_Subj202_PegTx_01.27.2011-10.26.39_EDGE1.txt,PegTx,Novice
LSU_Subj203_PegTx_01.27.2011-11.03.25_EDGE1.txt,PegTx,Proficient
LSU_Subj203_PegTx_01.27.2011-11.05.36_EDGE1.txt,PegTx,Proficient
LSU_Subj203_PegTx_01.27.2011-11.07.46_EDGE1.txt,PegTx,Proficient
LSU_Subj204_PegTx_01.27.2011-10.50.37_EDGE1.txt,PegTx,Novice
LSU_Subj204_PegTx_01.27.2011-10.53.01_EDGE1.txt,PegTx,Novice
LSU_Subj204_PegTx_01.27.2011-10.55.08_EDGE1.txt,PegTx,Novice
LSU_Subj205_PegTx_01.27.2011-10.40.40_EDGE1.txt,PegTx,Novice
LSU_Subj205_PegTx_01.27.2011-10.42.11_EDGE1.txt,PegTx,Novice
LSU_Subj205_PegTx_01.27.2011-10.44.15_EDGE1.txt,PegTx,Novice
LSU_Subj205_PegTx_01.27.2011-10.45.25_EDGE1.txt,PegTx,Novice
LSU_Subj205_PegTx_01.27.2011-10.47.48_EDGE1.txt,PegTx,Novice
LSU_Subj206_PegTx_01.27.2011-10.57.23_EDGE1.txt,PegTx,Proficient
LSU_Subj206_PegTx_01.27.2011-10.59.11_EDGE1.txt,PegTx,Proficient
LSU_Subj206_PegTx_01.27.2011-11.01.14_EDGE1.txt,PegTx,Proficient
LSU_Subj207_PegTx_01.27.2011-11.09.50_EDGE1.txt,PegTx,Novice
LSU_Subj207_PegTx_01.27.2011-11.11.45_EDGE1.txt,PegTx,Novice
LSU_Subj207_PegTx_01.27.2011-11.13.36_EDGE1.txt,PegTx,Novice
LSU_Subj208_PegTx_01.27.2011-11.21.01_EDGE1.txt,PegTx,Novice
LSU_Subj208_PegTx_01.27.2011-11.26.03_EDGE1.txt,PegTx,Novice
LSU_Subj208_PegTx_01.27.2011-11.26.47_EDGE1.txt,PegTx,Novice
LSU_Subj208_PegTx_01.27.2011-11.29.44_EDGE1.txt,PegTx,Novice
LSU_Subj209_PegTx_01.27.2011-11.33.35_EDGE1.txt,PegTx,Novice
LSU_Subj209_PegTx_01.27.2011-11.36.26_EDGE1.txt,PegTx,Novice
LSU_Subj209_PegTx_01.27.2011-11.38.43_EDGE1.txt,PegTx,Novice
LSU_Subj210_PegTx_01.27.2011-12.30.44_EDGE1.txt,PegTx,Expert
LSU_Subj210_PegTx_01.27.2011-12.32.54_EDGE1.txt,PegTx,Expert
LSU_Subj210_PegTx_01.27.2011-12.34.25_EDGE1.txt,PegTx,Expert
LSU_Subj210_PegTx_01.27.2011-12.36.27_EDGE1.txt,PegTx,Expert
LSU_Subj211_PegTx_01.28.2011-13.43.09_EDGE1.txt,PegTx,
LSU_Subj212_PegTx_01.28.2011-14.10.13_EDGE1.txt,PegTx,Novice
LSU_Subj212_PegTx_01.28.2011-14.13.29_EDGE1.txt,PegTx,Novice
LSU_Subj212_PegTx_01.28.2011-14.16.00_EDGE1.txt,PegTx,Novice
LSU_Subj213_PegTx_01.28.2011-14.18.56_EDGE1.txt,PegTx,Novice
LSU_Subj213_PegTx_01.28.2011-14.22.48_EDGE1.txt,PegTx,Novice
LSU_Subj213_PegTx_01.28.2011-14.26.40_EDGE1.txt,PegTx,Novice
LSU_Subj214_PegTx_01.28.2011-14.30.21_EDGE1.txt,PegTx,Novice
LSU_Subj214_PegTx_01.28.2011-14.33.27_EDGE1.txt,PegTx,Novice
LSU_Subj214_PegTx_01.28.2011-14.35.59_EDGE1.txt,PegTx,Novice
LSU_Subj214_PegTx_01.28.2011-14.39.49_EDGE1.txt,PegTx,Novice
LSU_Subj215_PegTx_01.28.2011-14.42.42_EDGE1.txt,PegTx,Novice
LSU_Subj215_PegTx_01.28.2011-14.48.00_EDGE1.txt,PegTx,Novice
LSU_Subj216_PegTx_01.28.2011-14.53.24_EDGE1.txt,PegTx,Intermediate
LSU_Subj216_PegTx_01.28.2011-14.55.47_EDGE1.txt,PegTx,Intermediate
LSU_Subj216_PegTx_01.28.2011-14.57.55_EDGE1.txt,PegTx,Intermediate
LSU_Subj217_PegTx_01.28.2011-15.00.25_EDGE1.txt,PegTx,Novice
LSU_Subj217_PegTx_01.28.2011-15.04.28_EDGE1.txt,PegTx,Novice
LSU_Subj217_PegTx_01.28.2011-15.08.26_EDGE1.txt,PegTx,Novice
LSU_Subj218_PegTx_01.28.2011-15.12.34_EDGE1.txt,PegTx,Novice
LSU_Subj218_PegTx_01.28.2011-15.16.42_EDGE1.txt,PegTx,Novice
LSU_Subj218_PegTx_01.28.2011-15.19.38_EDGE1.txt,PegTx,Novice
LSU_Subj219_PegTx_01.28.2011-15.25.29_EDGE1.txt,PegTx,Intermediate
LSU_Subj219_PegTx_01.28.2011-15.28.16_EDGE1.txt,PegTx,Intermediate
LSU_Subj219_PegTx_01.28.2011-15.31.16_EDGE1.txt,PegTx,Intermediate
LSU_Subj220_PegTx_01.28.2011-15.36.13_EDGE1.txt,PegTx,Novice
LSU_Subj220_PegTx_01.28.2011-15.41.43_EDGE1.txt,PegTx,Novice
LSU_Subj220_PegTx_01.28.2011-15.43.17_EDGE1.txt,PegTx,Novice
LSU_Subj221_PegTx_01.28.2011-15.48.19_EDGE1.txt,PegTx,Novice
LSU_Subj221_PegTx_01.28.2011-15.51.14_EDGE1.txt,PegTx,Novice
LSU_Subj221_PegTx_01.28.2011-15.54.05_EDGE1.txt,PegTx,Novice
LSU_Subj222_PegTx_01.29.2011-15.17.21_EDGE1.txt,PegTx,Expert
LSU_Subj222_PegTx_01.29.2011-15.19.41_EDGE1.txt,PegTx,Expert
LSU_Subj222_PegTx_01.29.2011-15.21.38_EDGE1.txt,PegTx,Expert
LSU_Subj223_PegTx_01.29.2011-14.57.05_EDGE1.txt,PegTx,Expert
LSU_Subj223_PegTx_01.29.2011-14.59.09_EDGE1.txt,PegTx,Expert
LSU_Subj223_PegTx_01.29.2011-15.02.31_EDGE1.txt,PegTx,Expert
LSU_Subj224_PegTx_01.29.2011-15.11.29_EDGE1.txt,PegTx,Proficient
LSU_Subj224_PegTx_01.29.2011-15.13.19_EDGE1.txt,PegTx,Proficient
LSU_Subj224_PegTx_01.29.2011-15.14.45_EDGE1.txt,PegTx,Proficient
UH_Subj301_PegTx_02.01.2011-11.00.11_EDGE1.txt,PegTx,Novice
UH_Subj301_PegTx_02.02.2011-11.19.16_EDGE1.txt,PegTx,Novice
UH_Subj302_PegTx_02.02.2011-10.23.40_EDGE1.txt,PegTx,Proficient
UH_Subj302_PegTx_02.02.2011-10.26.41_EDGE1.txt,PegTx,Proficient
UH_Subj303_PegTx_02.02.2011-13.52.04_EDGE1.txt,PegTx,Novice
UH_Subj303_PegTx_02.02.2011-13.55.51_EDGE1.txt,PegTx,Novice
UH_Subj303_PegTx_02.02.2011-13.57.03_EDGE1.txt,PegTx,Novice
UH_Subj303_PegTx_02.02.2011-13.59.07_EDGE1.txt,PegTx,Novice
UH_Subj304_PegTx_02.02.2011-15.00.29_EDGE1.txt,PegTx,Novice
UMN_Subj1_Cutting_12.07.2010-13.01.56_EDGE2.txt,Cutting,Proficient
UMN_Subj1_Cutting_12.17.2010-08.19.39_EDGE2.txt,Cutting,Proficient
UMN_Subj1_Cutting_12.17.2010-08.21.38_EDGE2.txt,Cutting,Proficient
UMN_Subj1_Cutting_12.17.2010-08.23.06_EDGE2.txt,Cutting,Proficient
UMN_Subj1_Cutting_12.17.2010-08.24.48_EDGE2.txt,Cutting,Proficient
UMN_Subj1_Cutting_12.07.2010-13.04.18_EDGE2.txt,Cutting,Proficient
UMN_Subj1_Cutting_12.07.2010-13.06.04_EDGE2.txt,Cutting,Proficient
UMN_Subj1_Cutting_12.07.2010-13.08.16_EDGE2.txt,Cutting,Proficient
UMN_Subj1_Cutting_12.07.2010-13.10.09_EDGE2.txt,Cutting,Proficient
UMN_Subj1_Cutting_12.08.2010-08.15.16_EDGE2.txt,Cutting,Proficient
UMN_Subj1_Cutting_12.08.2010-08.18.59_EDGE2.txt,Cutting,Proficient
UMN_Subj1_Cutting_12.08.2010-08.22.00_EDGE2.txt,Cutting,Proficient
UMN_Subj2_Cutting_12.08.2010-08.44.40_EDGE2.txt,Cutting,Novice
UMN_Subj2_Cutting_12.08.2010-08.51.51_EDGE2.txt,Cutting,Novice
UMN_Subj5_Cutting_12.09.2010-08.07.02_EDGE2.txt,Cutting,Expert
UMN_Subj5_Cutting_12.09.2010-08.09.14_EDGE2.txt,Cutting,Expert
UMN_Subj6_Cutting_12.09.2010-08.37.43_EDGE2.txt,Cutting,Expert
UMN_Subj6_Cutting_12.09.2010-08.41.51_EDGE2.txt,Cutting,Expert
UMN_Subj6_Cutting_12.09.2010-08.45.28_EDGE2.txt,Cutting,Expert
UMN_Subj7_Cutting_12.09.2010-08.49.15_EDGE2.txt,Cutting,Proficient
UMN_Subj7_Cutting_12.09.2010-08.51.13_EDGE2.txt,Cutting,Proficient
UMN_Subj7_Cutting_12.09.2010-08.53.03_EDGE2.txt,Cutting,Proficient
UMN_Subj7_Cutting_12.09.2010-08.58.37_EDGE2.txt,Cutting,Proficient
UMN_Subj8_Cutting_12.09.2010-09.01.46_EDGE2.txt,Cutting,Intermediate
UMN_Subj8_Cutting_12.09.2010-09.05.22_EDGE2.txt,Cutting,Intermediate
UMN_Subj8_Cutting_12.09.2010-09.08.05_EDGE2.txt,Cutting,Intermediate
UMN_Subj8_Cutting_12.09.2010-09.10.04_EDGE2.txt,Cutting,Intermediate
UMN_Subj9_Cutting_12.09.2010-10.31.12_EDGE2.txt,Cutting,Intermediate
UMN_Subj9_Cutting_12.09.2010-10.35.43_EDGE2.txt,Cutting,Intermediate
UMN_Subj13_Cutting_12.10.2010-06.08.47_EDGE2.txt,Cutting,Novice
UMN_Subj13_Cutting_12.10.2010-06.10.59_EDGE2.txt,Cutting,Novice
UMN_Subj13_Cutting_12.10.2010-06.24.53_EDGE2.txt,Cutting,Novice
UMN_Subj13_Cutting_12.10.2010-06.27.29_EDGE2.txt,Cutting,Novice
UMN_Subj14_Cutting_12.10.2010-08.11.21_EDGE2.txt,Cutting,Expert-Master
UMN_Subj14_Cutting_12.10.2010-08.14.26_EDGE2.txt,Cutting,Expert-Master
UMN_Subj15_Cutting_12.10.2010-09.34.55_EDGE2.txt,Cutting,Intermediate
UMN_Subj15_Cutting_12.10.2010-09.37.29_EDGE2.txt,Cutting,Intermediate
UMN_Subj16_Cutting_12.10.2010-10.09.38_EDGE2.txt,Cutting,Expert-Master
UMN_Subj17_Cutting_12.10.2010-10.34.53_EDGE2.txt,Cutting,Expert
UMN_Subj17_Cutting_12.10.2010-10.37.59_EDGE2.txt,Cutting,Expert
UMN_Subj20_Cutting_12.13.2010-07.39.42_EDGE2.txt,Cutting,Expert
UMN_Subj20_Cutting_12.13.2010-07.43.04_EDGE2.txt,Cutting,Expert
UMN_Subj21_Cutting_12.13.2010-08.03.17_EDGE2.txt,Cutting,Novice
UMN_Subj23_Cutting_12.13.2010-09.35.05_EDGE2.txt,Cutting,Novice
UMN_Subj23_Cutting_12.13.2010-09.37.05_EDGE2.txt,Cutting,Novice
UMN_Subj24_Cutting_12.13.2010-09.52.17_EDGE2.txt,Cutting,Novice
UMN_Subj24_Cutting_12.13.2010-09.55.31_EDGE2.txt,Cutting,Novice
UMN_Subj24_Cutting_12.13.2010-09.58.50_EDGE2.txt,Cutting,Novice
UMN_Subj26_Cutting_12.13.2010-10.52.48_EDGE2.txt,Cutting,Intermediate
UMN_Subj26_Cutting_12.13.2010-10.56.55_EDGE2.txt,Cutting,Intermediate
UMN_Subj27_Cutting_12.13.2010-11.12.59_EDGE2.txt,Cutting,Novice
UMN_Subj28_Cutting_12.15.2010-06.39.14_EDGE2.txt,Cutting,Proficient
UMN_Subj33_Cutting_12.17.2010-11.35.27_EDGE2.txt,Cutting,Novice
UMN_Subj33_Cutting_12.17.2010-11.43.30_EDGE2.txt,Cutting,Novice
UMN_Subj35_Cutting_12.20.2010-05.29.23_EDGE2.txt,Cutting,Expert
UMN_Subj35_Cutting_12.20.2010-05.32.36_EDGE2.txt,Cutting,Expert
IMSH_Subj101_Cutting_01.24.2011-13.12.23_EDGE2.txt,Cutting,Proficient
IMSH_Subj101_Cutting_01.24.2011-13.15.04_EDGE2.txt,Cutting,Proficient
IMSH_Subj102_Cutting_01.24.2011-16.51.27_EDGE2.txt,Cutting,Proficient
IMSH_Subj102_Cutting_01.24.2011-16.54.13_EDGE2.txt,Cutting,Proficient
IMSH_Subj103_Cutting_01.25.2011-13.03.11_EDGE2.txt,Cutting,Novice
IMSH_Subj103_Cutting_01.25.2011-13.06.16_EDGE2.txt,Cutting,Novice
LSU_Subj201_Cutting_01.27.2011-10.22.35_EDGE2.txt,Cutting,Intermediate
LSU_Subj201_Cutting_01.27.2011-10.26.26_EDGE2.txt,Cutting,Intermediate
LSU_Subj202_Cutting_01.27.2011-10.32.17_EDGE2.txt,Cutting,Novice
LSU_Subj202_Cutting_01.27.2011-10.35.31_EDGE2.txt,Cutting,Novice
LSU_Subj203_Cutting_01.27.2011-10.43.51_EDGE2.txt,Cutting,Proficient
LSU_Subj203_Cutting_01.27.2011-10.48.10_EDGE2.txt,Cutting,Proficient
LSU_Subj204_Cutting_01.27.2011-11.03.05_EDGE2.txt,Cutting,Novice
LSU_Subj204_Cutting_01.27.2011-11.07.02_EDGE2.txt,Cutting,Novice
LSU_Subj205_Cutting_01.27.2011-10.52.14_EDGE2.txt,Cutting,Novice
LSU_Subj205_Cutting_01.27.2011-10.56.31_EDGE2.txt,Cutting,Novice
LSU_Subj206_Cutting_01.27.2011-11.12.39_EDGE2.txt,Cutting,Proficient
LSU_Subj206_Cutting_01.27.2011-11.15.21_EDGE2.txt,Cutting,Proficient
LSU_Subj207_Cutting_01.27.2011-11.18.38_EDGE2.txt,Cutting,Novice
LSU_Subj207_Cutting_01.27.2011-11.23.38_EDGE2.txt,Cutting,Novice
LSU_Subj210_Cutting_01.27.2011-12.40.22_EDGE2.txt,Cutting,Expert
LSU_Subj210_Cutting_01.27.2011-12.44.11_EDGE2.txt,Cutting,Expert
LSU_Subj212_Cutting_01.28.2011-14.23.26_EDGE2.txt,Cutting,Novice
LSU_Subj213_Cutting_01.28.2011-14.31.02_EDGE2.txt,Cutting,Novice
LSU_Subj213_Cutting_01.28.2011-14.37.26_EDGE2.txt,Cutting,Novice
LSU_Subj214_Cutting_01.28.2011-14.43.27_EDGE2.txt,Cutting,Novice
LSU_Subj214_Cutting_01.28.2011-14.47.19_EDGE2.txt,Cutting,Novice
LSU_Subj215_Cutting_01.28.2011-14.51.33_EDGE2.txt,Cutting,Novice
LSU_Subj215_Cutting_01.28.2011-14.56.18_EDGE2.txt,Cutting,Novice
LSU_Subj216_Cutting_01.28.2011-15.00.40_EDGE2.txt,Cutting,Intermediate
LSU_Subj216_Cutting_01.28.2011-15.05.09_EDGE2.txt,Cutting,Intermediate
LSU_Subj217_Cutting_01.28.2011-15.13.30_EDGE2.txt,Cutting,Novice
LSU_Subj217_Cutting_01.28.2011-15.21.31_EDGE2.txt,Cutting,Novice
LSU_Subj218_Cutting_01.28.2011-15.27.21_EDGE2.txt,Cutting,Novice
LSU_Subj218_Cutting_01.28.2011-15.32.14_EDGE2.txt,Cutting,Novice
LSU_Subj219_Cutting_01.28.2011-15.36.56_EDGE2.txt,Cutting,Intermediate
LSU_Subj220_Cutting_01.28.2011-15.50.51_EDGE2.txt,Cutting,Novice
LSU_Subj220_Cutting_01.28.2011-15.56.04_EDGE2.txt,Cutting,Novice
LSU_Subj220_Cutting_01.28.2011-16.01.24_EDGE2.txt,Cutting,Novice
LSU_Subj221_Cutting_01.28.2011-16.05.38_EDGE2.txt,Cutting,Novice
LSU_Subj222_Cutting_01.29.2011-14.55.14_EDGE2.txt,Cutting,Expert
LSU_Subj222_Cutting_01.29.2011-14.58.14_EDGE2.txt,Cutting,Expert
LSU_Subj223_Cutting_01.29.2011-15.05.26_EDGE2.txt,Cutting,Expert
LSU_Subj223_Cutting_01.29.2011-15.07.57_EDGE2.txt,Cutting,Expert
LSU_Subj224_Cutting_01.29.2011-15.16.54_EDGE2.txt,Cutting,Proficient
LSU_Subj224_Cutting_01.29.2011-15.19.23_EDGE2.txt,Cutting,Proficient
UH_Subj301_Cutting_02.02.2011-11.04.03_EDGE2.txt,Cutting,Novice
UH_Subj301_Cutting_02.02.2011-11.12.04_EDGE2.txt,Cutting,Novice
UH_Subj302_Cutting_02.02.2011-10.32.57_EDGE2.txt,Cutting,Proficient
UH_Subj303_Cutting_02.02.2011-14.03.02_EDGE2.txt,Cutting,Novice
UH_Subj303_Cutting_02.02.2011-14.03.07_EDGE2.txt,Cutting,Novice
UH_Subj303_Cutting_02.02.2011-14.07.58_EDGE2.txt,Cutting,Novice
UH_Subj304_Cutting_02.02.2011-14.55.39_EDGE2.txt,Cutting,Novice
UMN_Subj1_Suturing_12.07.2010-14.23.47_EDGE3.txt,Suturing,Proficient
UMN_Subj1_Suturing_12.07.2010-14.34.21_EDGE3.txt,Suturing,Proficient
UMN_Subj1_Suturing_12.07.2010-14.40.54_EDGE3.txt,Suturing,Proficient
UMN_Subj1_Suturing_12.07.2010-14.43.05_EDGE3.txt,Suturing,Proficient
UMN_Subj1_Suturing_12.08.2010-09.09.47_EDGE3.txt,Suturing,Proficient
UMN_Subj1_Suturing_12.17.2010-09.30.25_EDGE3.txt,Suturing,Proficient
UMN_Subj1_Suturing_12.17.2010-09.32.39_EDGE3.txt,Suturing,Proficient
UMN_Subj1_Suturing_12.17.2010-09.34.03_EDGE3.txt,Suturing,Proficient
UMN_Subj1_Suturing_12.17.2010-09.35.26_EDGE3.txt,Suturing,Proficient
UMN_Subj1_Suturing_12.17.2010-09.36.52_EDGE3.txt,Suturing,Proficient
UMN_Subj1_Suturing_12.17.2010-09.38.17_EDGE3.txt,Suturing,Proficient
UMN_Subj2_Suturing_12.08.2010-10.07.58_EDGE3.txt,Suturing,Novice
UMN_Subj2_Suturing_12.08.2010-10.13.05_EDGE3.txt,Suturing,Novice
UMN_Subj2_Suturing_12.08.2010-10.15.40_EDGE3.txt,Suturing,Novice
UMN_Subj4_Suturing_12.09.2010-09.13.10_EDGE3.txt,Suturing,Proficient
UMN_Subj4_Suturing_12.09.2010-09.21.23_EDGE3.txt,Suturing,Proficient
UMN_Subj6_Suturing_12.09.2010-10.00.03_EDGE3.txt,Suturing,Expert
UMN_Subj6_Suturing_12.09.2010-10.03.15_EDGE3.txt,Suturing,Expert
UMN_Subj7_Suturing_12.09.2010-10.13.58_EDGE3.txt,Suturing,Proficient
UMN_Subj7_Suturing_12.09.2010-10.15.53_EDGE3.txt,Suturing,Proficient
UMN_Subj7_Suturing_12.09.2010-10.18.12_EDGE3.txt,Suturing,Proficient
UMN_Subj8_Suturing_12.10.2010-07.38.51_EDGE3.txt,Suturing,Intermediate
UMN_Subj8_Suturing_12.10.2010-07.41.53_EDGE3.txt,Suturing,Intermediate
UMN_Subj8_Suturing_12.10.2010-07.46.00_EDGE3.txt,Suturing,Intermediate
UMN_Subj8_Suturing_12.09.2010-11.11.40_EDGE3.txt,Suturing,Intermediate
UMN_Subj9_Suturing_12.09.2010-11.41.24_EDGE3.txt,Suturing,Intermediate
UMN_Subj9_Suturing_12.09.2010-11.45.43_EDGE3.txt,Suturing,Intermediate
UMN_Subj10_Suturing_12.09.2010-12.10.23_EDGE3.txt,Suturing,Intermediate
UMN_Subj11_Suturing_12.10.2010-07.15.58_EDGE3.txt,Suturing,Expert
UMN_Subj11_Suturing_12.10.2010-07.20.09_EDGE3.txt,Suturing,Expert
UMN_Subj14_Suturing_12.10.2010-08.58.56_EDGE3.txt,Suturing,Expert-Master
UMN_Subj14_Suturing_12.10.2010-09.01.20_EDGE3.txt,Suturing,Expert-Master
UMN_Subj14_Suturing_12.10.2010-09.04.16_EDGE3.txt,Suturing,Expert-Master
UMN_Subj14_Suturing_12.10.2010-09.06.36_EDGE3.txt,Suturing,Expert-Master
UMN_Subj14_Suturing_12.10.2010-09.18.29_EDGE3.txt,Suturing,Expert-Master
UMN_Subj14_Suturing_12.10.2010-10.11.59_EDGE3.txt,Suturing,Expert-Master
UMN_Subj14_Suturing_12.10.2010-10.14.40_EDGE3.txt,Suturing,Expert-Master
UMN_Subj14_Suturing_12.10.2010-10.16.34_EDGE3.txt,Suturing,Expert-Master
UMN_Subj15_Suturing_12.10.2010-10.42.39_EDGE3.txt,Suturing,Intermediate
UMN_Subj15_Suturing_12.10.2010-10.46.07_EDGE3.txt,Suturing,Intermediate
UMN_Subj16_Suturing_12.10.2010-10.59.16_EDGE3.txt,Suturing,Expert-Master
UMN_Subj16_Suturing_12.10.2010-11.01.58_EDGE3.txt,Suturing,Expert-Master
UMN_Subj16_Suturing_12.10.2010-11.04.46_EDGE3.txt,Suturing,Expert-Master
UMN_Subj17_Suturing_12.10.2010-11.44.28_EDGE3.txt,Suturing,Expert
UMN_Subj17_Suturing_12.10.2010-11.47.53_EDGE3.txt,Suturing,Expert
UMN_Subj17_Suturing_12.10.2010-11.50.47_EDGE3.txt,Suturing,Expert
UMN_Subj19_Suturing_12.10.2010-13.14.17_EDGE3.txt,Suturing,Proficient
UMN_Subj20_Suturing_12.13.2010-08.52.08_EDGE3.txt,Suturing,Expert
UMN_Subj20_Suturing_12.13.2010-08.55.55_EDGE3.txt,Suturing,Expert
UMN_Subj23_Suturing_12.13.2010-10.41.14_EDGE3.txt,Suturing,Novice
UMN_Subj23_Suturing_12.13.2010-10.43.48_EDGE3.txt,Suturing,Novice
UMN_Subj24_Suturing_12.13.2010-11.31.01_EDGE3.txt,Suturing,Novice
UMN_Subj24_Suturing_12.13.2010-11.38.48_EDGE3.txt,Suturing,Novice
UMN_Subj26_Suturing_12.13.2010-12.02.40_EDGE3.txt,Suturing,Intermediate
UMN_Subj26_Suturing_12.13.2010-12.06.31_EDGE3.txt,Suturing,Intermediate
UMN_Subj27_Suturing_12.13.2010-12.26.03_EDGE3.txt,Suturing,Novice
UMN_Subj27_Suturing_12.13.2010-12.39.40_EDGE3.txt,Suturing,Novice
UMN_Subj28_Suturing_12.15.2010-07.47.51_EDGE3.txt,Suturing,Proficient
UMN_Subj29_Suturing_12.15.2010-10.52.56_EDGE3.txt,Suturing,Proficient
UMN_Subj30_Suturing_12.17.2010-07.18.03_EDGE3.txt,Suturing,Novice
UMN_Subj31_Suturing_12.17.2010-07.10.52_EDGE3.txt,Suturing,Expert
UMN_Subj31_Suturing_12.17.2010-07.14.30_EDGE3.txt,Suturing,Expert
UMN_Subj33_Suturing_12.17.2010-09.02.28_EDGE3.txt,Suturing,Novice
UMN_Subj33_Suturing_12.17.2010-12.50.39_EDGE3.txt,Suturing,Novice
IMSH_Subj101_Suturing_01.24.2011-15.21.19_EDGE3.txt,Suturing,Proficient
IMSH_Subj102_Suturing_01.24.2011-16.57.17_EDGE3.txt,Suturing,Proficient
IMSH_Subj102_Suturing_01.24.2011-17.01.35_EDGE3.txt,Suturing,Proficient
IMSH_Subj103_Suturing_01.25.2011-13.10.30_EDGE3.txt,Suturing,Novice
IMSH_Subj103_Suturing_01.25.2011-13.14.34_EDGE3.txt,Suturing,Novice
IMSH_Subj103_Suturing_01.25.2011-13.19.51_EDGE3.txt,Suturing,Novice
LSU_Subj202_Suturing_01.27.2011-10.40.58_EDGE3.txt,Suturing,Novice
LSU_Subj203_Suturing_01.27.2011-10.27.04_EDGE3.txt,Suturing,Proficient
LSU_Subj203_Suturing_01.27.2011-10.30.23_EDGE3.txt,Suturing,Proficient
LSU_Subj204_Suturing_01.27.2011-11.14.13_EDGE3.txt,Suturing,Novice
LSU_Subj204_Suturing_01.27.2011-11.23.21_EDGE3.txt,Suturing,Novice
LSU_Subj204_Suturing_01.27.2011-11.28.32_EDGE3.txt,Suturing,Novice
LSU_Subj205_Suturing_01.27.2011-11.00.43_EDGE3.txt,Suturing,Novice
LSU_Subj205_Suturing_01.27.2011-11.05.41_EDGE3.txt,Suturing,Novice
LSU_Subj207_Suturing_01.27.2011-11.32.34_EDGE3.txt,Suturing,Novice
LSU_Subj210_Suturing_01.27.2011-12.47.29_EDGE3.txt,Suturing,Expert
LSU_Subj210_Suturing_01.27.2011-12.53.05_EDGE3.txt,Suturing,Expert
LSU_Subj215_Suturing_01.28.2011-15.02.04_EDGE3.txt,Suturing,Novice
LSU_Subj216_Suturing_01.28.2011-15.09.12_EDGE3.txt,Suturing,Intermediate
LSU_Subj216_Suturing_01.28.2011-15.18.33_EDGE3.txt,Suturing,Intermediate
LSU_Subj217_Suturing_01.28.2011-15.29.14_EDGE3.txt,Suturing,Novice
LSU_Subj219_Suturing_01.28.2011-16.01.08_EDGE3.txt,Suturing,Intermediate
LSU_Subj219_Suturing_01.28.2011-16.13.58_EDGE3.txt,Suturing,Intermediate
LSU_Subj222_Suturing_01.29.2011-15.02.01_EDGE3.txt,Suturing,Expert
LSU_Subj222_Suturing_01.29.2011-15.08.24_EDGE3.txt,Suturing,Expert
LSU_Subj223_Suturing_01.29.2011-15.13.30_EDGE3.txt,Suturing,Expert
LSU_Subj223_Suturing_01.29.2011-15.15.31_EDGE3.txt,Suturing,Expert
LSU_Subj224_Suturing_01.29.2011-15.23.07_EDGE3.txt,Suturing,Proficient
LSU_Subj224_Suturing_01.29.2011-15.25.49_EDGE3.txt,Suturing,Proficient
UH_Subj301_Suturing_02.02.2011-11.26.17_EDGE3.txt,Suturing,Novice
UH_Subj301_Suturing_02.02.2011-11.33.45_EDGE3.txt,Suturing,Novice
UH_Subj302_Suturing_02.02.2011-10.37.07_EDGE3.txt,Suturing,Proficient
UH_Subj302_Suturing_02.02.2011-10.47.19_EDGE3.txt,Suturing,Proficient
UH_Subj303_Suturing_02.02.2011-14.13.07_EDGE3.txt,Suturing,Novice
UH_Subj304_Suturing_02.02.2011-14.51.30_EDGE3.txt,Suturing,Novice
UWS1_PegTx_Subj1_0_11.50.39AM_EDGE2.TXT,PegTx,Expert-Master
UWS1_PegTx_Subj1_1_11.52.27AM_EDGE2.TXT,PegTx,Expert-Master
UWS1_PegTx_Subj1_2_11.54.02AM_EDGE2.TXT,PegTx,Expert-Master
UWS1_PegTx_Subj1_3_11.55.39AM_EDGE2.TXT,PegTx,Expert-Master
UWS1_PegTx_Subj1_4_11.57.03AM_EDGE2.TXT,PegTx,Expert-Master
EDGE1_UWS_Subj2_0_Pegboard.TXT,PegTx,Expert
EDGE1_UWS_Subj2_1_Pegboard.TXT,PegTx,Expert
EDGE1_UWS_Subj2_2_Pegboard.TXT,PegTx,Expert
EDGE1_UWS_Subj3_0_Pegboard.TXT ,PegTx,Novice
EDGE1_UWS_Subj3_1_Pegboard.TXT ,PegTx,Novice
EDGE1_UWS_Subj3_2_Pegboard.TXT ,PegTx,Novice
EDGE1_UWS_Subj4_0_Pegboard.TXT ,PegTx,Intermediate
EDGE1_UWS_Subj4_1_Pegboard.TXT ,PegTx,Intermediate
EDGE1_UWS_Subj4_2_Pegboard.TXT ,PegTx,Intermediate
EDGE1_UWS_Subj5_0_Pegboard.TXT ,PegTx,Novice
EDGE1_UWS_Subj5_1_Pegboard.TXT ,PegTx,Novice
EDGE1_UWS_Subj5_2_Pegboard.TXT            ,PegTx,Novice
EDGE1_UWS_Subj6_0_Pegboard.TXT            ,PegTx,Novice
EDGE1_UWS_Subj6_1_Pegboard.TXT            ,PegTx,Novice
EDGE1_UWS_Subj6_2_Pegboard.TXT            ,PegTx,Novice
EDGE1_UWS_Subj7_0_Pegboard.TXT            ,PegTx,Novice
EDGE1_UWS_Subj7_1_Pegboard.TXT            ,PegTx,Novice
EDGE1_UWS_Subj7_2_Pegboard.TXT            ,PegTx,Novice
EDGE1_UWS_Subj8_0_Pegboard.TXT            ,PegTx,Novice
EDGE1_UWS_Subj8_1_Pegboard.TXT            ,PegTx,Novice
EDGE1_UWS_Subj8_2_Pegboard.TXT            ,PegTx,Novice
EDGE1_UWS_Subj8_3_Pegboard.TXT            ,PegTx,Novice
UWS1_PegTx_Subj9_0_EDGE1.TXT,PegTx,Intermediate
UWS1_PegTx_Subj9_1_EDGE1.TXT,PegTx,Intermediate
UWS1_PegTx_Subj9_2_EDGE1.TXT,PegTx,Intermediate
EDGE1_UWS_Subj10_0_Pegboard.TXT,PegTx,ISIS-Tech
EDGE1_UWS_Subj10_1_Pegboard.TXT,PegTx,ISIS-Tech
EDGE1_UWS_Subj10_2_Pegboard.TXT,PegTx,ISIS-Tech
EDGE1_UWS_Subj11_0_Pegboard.TXT           ,PegTx,Intermediate
EDGE1_UWS_Subj11_1_Pegboard.TXT           ,PegTx,Intermediate
EDGE1_UWS_Subj11_2_Pegboard.TXT       ,PegTx,Intermediate
EDGE1_UWS_Subj31_0_____B.O._Pegboard_12.55.12PM.TXT,PegTx,Expert-Master
EDGE1_UWS_Subj31_1_____B.O._Pegboard_12.57.32PM.TXT,PegTx,Expert-Master
EDGE1_UWS_Subj31_2_____B.O._Pegboard_12.59.07PM.TXT,PegTx,Expert-Master
EDGE1_UWS_Subj31_3_____B.O._Pegboard_1.00.43PM.TXT,PegTx,Expert-Master
EDGE1_UWS_Subj31_4_____B.O._Pegboard_1.02.19PM.TXT,PegTx,Expert-Master
EDGE2_UWS_Subj13_0_Pegboard_10.24.44AM.TXT,PegTx,Expert
EDGE2_UWS_Subj13_1_Pegboard_10.27.06AM.TXT,PegTx,Expert
EDGE2_UWS_Subj13_2_Pegboard_10.28.58AM.TXT,PegTx,Expert
EDGE2_UWS_Subj14_0_Pegboard_10.52.42AM.TXT,PegTx,Novice
EDGE2_UWS_Subj14_1_Pegboard_10.57.37AM.TXT,PegTx,Novice
EDGE2_UWS_Subj14_2_Pegboard_11.00.47AM.TXT,PegTx,Novice
EDGE2_UWS_Subj14_3_Pegboard_11.03.37AM.TXT,PegTx,Novice
EDGE2_UWS_Subj15_0_Pegboard_1.08.11PM.TXT ,PegTx,ISIS-Tech
EDGE2_UWS_Subj15_1_Pegboard_1.10.25PM.TXT ,PegTx,ISIS-Tech
EDGE2_UWS_Subj15_2_Pegboard_1.13.09PM.TXT ,PegTx,ISIS-Tech
EDGE2_UWS_Subj15_3_Pegboard_1.15.09PM.TXT ,PegTx,ISIS-Tech
EDGE2_UWS_Subj15_4_Pegboard_1.17.04PM.TXT ,PegTx,ISIS-Tech
EDGE2_UWS_Subj15_5_Pegboard_1.18.38PM.TXT ,PegTx,ISIS-Tech
EDGE1_UWS_Subj16_0_Pegboard_10.04.01AM.TXT,PegTx,Novice
EDGE1_UWS_Subj16_1_Pegboard_10.07.18AM.TXT,PegTx,Novice
EDGE1_UWS_Subj16_2_Pegboard_10.09.47AM.TXT,PegTx,Novice
EDGE1_UWS_Subj17_0_Pegboard_10.11.54AM.TXT,PegTx,Novice
EDGE1_UWS_Subj17_1_Pegboard_10.15.33AM.TXT,PegTx,Novice
EDGE1_UWS_Subj17_2_Pegboard_10.18.42AM.TXT,PegTx,Novice
EDGE1_UWS_Subj17_3_Pegboard_10.21.56AM.TXT,PegTx,Novice
EDGE1_UWS_Subj18_0_Pegboard_10.42.14AM.TXT,PegTx,Expert
EDGE1_UWS_Subj18_1_Pegboard_10.44.51AM.TXT,PegTx,Expert
EDGE1_UWS_Subj18_2_Pegboard_10.47.23AM.TXT,PegTx,Expert
EDGE1_UWS_Subj19_0_Pegboard_10.58.46AM.TXT,PegTx,Novice
EDGE1_UWS_Subj19_1_Pegboard_11.02.42AM.TXT,PegTx,Novice
EDGE1_UWS_Subj19_2_Pegboard_11.05.16AM.TXT,PegTx,Novice
EDGE1_UWS_Subj20_0_Pegboard_11.22.15AM.TXT,PegTx,Novice
EDGE1_UWS_Subj20_1_Pegboard_11.30.21AM.TXT,PegTx,Novice
EDGE1_UWS_Subj20_2_Pegboard_11.35.12AM.TXT,PegTx,Novice
EDGE1_UWS_Subj21_0_Pegboard_11.40.17AM.TXT,PegTx,Novice
EDGE1_UWS_Subj21_1_Pegboard_11.43.41AM.TXT,PegTx,Novice
EDGE1_UWS_Subj21_2_Pegboard_11.47.53AM.TXT,PegTx,Novice
EDGE1_UWS_Subj22_0_Pegboard_12.06.59PM.TXT,PegTx,Novice
EDGE1_UWS_Subj22_0_Pegboard_12.11.10PM.TXT,PegTx,Novice
EDGE1_UWS_Subj22_1_Pegboard_12.15.03PM.TXT,PegTx,Novice
EDGE1_UWS_Subj22_2_Pegboard_12.19.01PM.TXT,PegTx,Novice
EDGE1_UWS_Subj23_0_Pegboard_10.06.58AM.TXT,PegTx,Novice
EDGE1_UWS_Subj23_1_Pegboard_10.13.49AM.TXT,PegTx,Novice
EDGE1_UWS_Subj23_2_Pegboard_10.19.18AM.TXT,PegTx,Novice
EDGE1_UWS_Subj24_0_Pegboard_11.11.22AM.TXT,PegTx,Novice
EDGE1_UWS_Subj24_1_Pegboard_11.15.32AM.TXT  ,PegTx,Novice
EDGE1_UWS_Subj24_2_Pegboard_11.18.24AM.TXT,PegTx,Novice
EDGE1_UWS_Subj25_0_Pegboard_11.24.03AM.TXT,PegTx,Proficient
EDGE1_UWS_Subj25_1_Pegboard_11.25.58AM.TXT,PegTx,Proficient
EDGE1_UWS_Subj25_2_Pegboard_11.27.26AM.TXT,PegTx,Proficient
EDGE1_UWS_Subj25_3_Pegboard_11.29.08AM.TXT,PegTx,Proficient
EDGE1_UWS_Subj26_0_Pegboard_9.44.52AM.TXT,PegTx,Proficient
EDGE1_UWS_Subj26_1_Pegboard_9.47.21AM.TXT,PegTx,Proficient
EDGE1_UWS_Subj26_2_Pegboard_9.49.22AM.TXT,PegTx,Proficient
EDGE1_UWS_Subj27_0_Pegboard_10.21.59AM.TXT,PegTx,Proficient
EDGE1_UWS_Subj27_1_Pegboard_10.23.42AM.TXT,PegTx,Proficient
EDGE1_UWS_Subj27_2_Pegboard_10.25.15AM.TXT,PegTx,Proficient
EDGE1_UWS_Subj28_0_Pegboard_10.41.06AM.TXT ,PegTx,Intermediate
EDGE1_UWS_Subj28_1_Pegboard_10.43.56AM.TXT,PegTx,Intermediate
EDGE1_UWS_Subj28_2_Pegboard_10.45.53AM.TXT,PegTx,Intermediate
EDGE1_UWS_Subj29_0_Pegboard_11.31.01AM.TXT          ,PegTx,Intermediate
EDGE1_UWS_Subj30_0_Pegboard_11.43.28AM.TXT,PegTx,Intermediate
EDGE1_UWS_Subj30_1_Pegboard_11.45.44AM.TXT,PegTx,Intermediate
EDGE1_UWS_Subj30_2_Pegboard_11.47.20AM.TXT,PegTx,Intermediate
EDGE1_UWS_Subj32_0_Pegboard_2.43.53PM.TXT,PegTx,Expert
EDGE1_UWS_Subj32_1_Pegboard_2.46.24PM.TXT,PegTx,Expert
EDGE1_UWS_Subj32_2_Pegboard_2.48.09PM.TXT     ,PegTx,Expert
EDGE1_UWS_Subj32_3_Pegboard_2.49.59PM.TXT ,PegTx,Expert
EDGE1_UWS_Subj32_4_Pegboard_2.52.04PM.TXT   ,PegTx,Expert
EDGE1_UWS_Subj32_5_Pegboard_3.12.39PM.TXT,PegTx,Expert
EDGE1_UWS_Subj32_6_Pegboard_3.14.16PM.TXT,PegTx,Expert
EDGE1_UWS_Subj32_7_Pegboard_3.15.38PM.TXT,PegTx,Expert
EDGE2_UWS_Subj1_0_Cutting_12.02.33PM.TXT,Cutting,Expert-Master
EDGE2_UWS_Subj1_1_Cutting_12.05.20PM.TXT,Cutting,Expert-Master
EDGE2_UWS_Subj1_2_Cutting_12.08.08PM.TXT,Cutting,Expert-Master
EDGE2_UWS_Subj2_0_Cutting.TXT,Cutting,Expert
EDGE2_UWS_Subj2_1_Cutting.TXT,Cutting,Expert
EDGE2_UWS_Subj3_3_Cutting.TXT,Cutting,Novice
EDGE2_UWS_Subj3_4_Cutting.TXT,Cutting,Novice
EDGE2_UWS_Subj4_0_Cutting.TXT,Cutting,Intermediate
EDGE2_UWS_Subj4_2_Cutting.TXT,Cutting,Intermediate
EDGE2_UWS_Subj5_0_Cutting.TXT,Cutting,Novice
EDGE2_UWS_Subj5_1_Cutting.TXT,Cutting,Novice
EDGE2_UWS_Subj5_2_Cutting.TXT,Cutting,Novice
EDGE2_UWS_Subj6_0_Cutting.TXT,Cutting,Novice
EDGE2_UWS_Subj6_1_Cutting.TXT,Cutting,Novice
EDGE2_UWS_Subj7_0_Cutting.TXT,Cutting,Novice
EDGE2_UWS_Subj7_1_Cutting.TXT,Cutting,Novice
EDGE2_UWS_Subj8_0_Cutting.TXT,Cutting,Novice
EDGE2_UWS_Subj8_1_Cutting.TXT,Cutting,Novice
EDGE2_UWS_Subj8_2_Cutting.TXT,Cutting,Novice
EDGE2_UWS_Subj11_1_Cutting.TXT,Cutting,Intermediate
EDGE2_UWS_Subj12_0_Cutting.TXT,Cutting,Expert-Master
EDGE2_UWS_Subj12_1_Cutting.TXT,Cutting,Expert-Master
EDGE2_UWS_Subj13_0_Cutting_10.33.37AM.TXT,Cutting,Expert
EDGE2_UWS_Subj13_1_Cutting_10.36.18AM.TXT,Cutting,Expert
EDGE2_UWS_Subj14_0_Cutting_11.10.27AM.TXT,Cutting,Novice
EDGE2_UWS_Subj14_1_Cutting_11.17.09AM.TXT,Cutting,Novice
EDGE2_UWS_Subj15_0_Cutting_2.18.07PM.TXT,Cutting,ISIS-Tech
EDGE2_UWS_Subj15_1_Cutting_2.30.23PM.TXT,Cutting,ISIS-Tech
EDGE2_UWS_Subj15_2_Cutting_2.34.19PM.TXT,Cutting,ISIS-Tech
EDGE2_UWS_Subj16_0_Cutting_10.13.15AM.TXT,Cutting,Novice
EDGE2_UWS_Subj16_1_Cutting_10.19.44AM.TXT,Cutting,Novice
EDGE2_UWS_Subj17_0_Cutting_10.26.21AM.TXT,Cutting,Novice
EDGE2_UWS_Subj17_1_Cutting_10.30.49AM.TXT,Cutting,Novice
EDGE2_UWS_Subj18_0_Cutting_10.50.00AM.TXT,Cutting,Expert
EDGE2_UWS_Subj18_1_Cutting_10.53.10AM.TXT,Cutting,Expert
EDGE2_UWS_Subj19_0_Cutting_11.09.40AM.TXT,Cutting,Novice
EDGE2_UWS_Subj19_1_Cutting_11.13.24AM.TXT,Cutting,Novice
EDGE2_UWS_Subj20_0_Cutting_11.41.04AM.TXT,Cutting,Novice
EDGE2_UWS_Subj20_1_Cutting_11.47.44AM.TXT,Cutting,Novice
EDGE2_UWS_Subj21_0_Cutting_11.55.52AM.TXT,Cutting,Novice
EDGE2_UWS_Subj21_1_Cutting_12.00.54PM.TXT,Cutting,Novice
EDGE2_UWS_Subj22_0_Cutting_12.24.05PM.TXT,Cutting,Novice
EDGE2_UWS_Subj22_1_Cutting_12.28.31PM.TXT,Cutting,Novice
EDGE2_UWS_Subj23_0_Cutting_10.25.11AM.TXT,Cutting,Novice
EDGE2_UWS_Subj23_1_Cutting_10.32.29AM.TXT,Cutting,Novice
EDGE2_UWS_Subj24_0_Cutting_11.22.17AM.TXT,Cutting,Novice
EDGE2_UWS_Subj24_1_Cutting_11.26.34AM.TXT,Cutting,Novice
EDGE2_UWS_Subj25_0_Cutting_11.32.17AM.TXT,Cutting,Proficient
EDGE2_UWS_Subj25_1_Cutting_11.34.39AM.TXT,Cutting,Proficient
EDGE2_UWS_Subj26_1_Cutting_9.51.44AM.TXT,Cutting,Proficient
EDGE2_UWS_Subj26_1_Cutting_9.54.46AM.TXT,Cutting,Proficient
EDGE2_UWS_Subj27_0_Cutting_10.27.34AM.TXT,Cutting,Proficient
EDGE2_UWS_Subj27_1_Cutting_10.30.00AM.TXT,Cutting,Proficient
EDGE2_UWS_Subj28_0_Cutting_10.48.45AM.TXT,Cutting,Intermediate
EDGE2_UWS_Subj28_1_Cutting_10.51.10AM.TXT,Cutting,Intermediate
EDGE2_UWS_Subj30_0_Cutting_11.52.25AM.TXT,Cutting,Intermediate
EDGE2_UWS_Subj30_1_Cutting_11.55.29AM.TXT,Cutting,Intermediate
EDGE2_UWS_Subj32_0_Cutting_2.54.49PM.TXT,Cutting,Expert
EDGE2_UWS_Subj32_1_Cutting_2.58.22PM.TXT,Cutting,Expert
EDGE2_UWS_Subj32_2_Cutting_3.01.20PM.TXT,Cutting,Expert
EDGE2_UWS_Subj32_3_Cutting_3.03.42PM.TXT,Cutting,Expert
EDGE2_UWS_Subj32_4_Cutting_3.06.18PM.TXT,Cutting,Expert
